G,Player 1,Player 2,Player 3,Player 4,Player 5
1,N. Alexander-Walker,M. Conley,A. Edwards,R. Gobert,K. Towns
2,N. Alexander-Walker,M. Conley,A. Edwards,R. Gobert,K. Towns
3,M. Conley,A. Edwards,R. Gobert,J. McDaniels,K. Towns
4,M. Conley,A. Edwards,R. Gobert,J. McDaniels,K. Towns
5,M. Conley,A. Edwards,R. Gobert,J. McDaniels,K. Towns
6,M. Conley,A. Edwards,R. Gobert,J. McDaniels,K. Towns
7,M. Conley,A. Edwards,R. Gobert,J. McDaniels,K. Towns
8,M. Conley,A. Edwards,R. Gobert,J. McDaniels,K. Towns
9,M. Conley,A. Edwards,R. Gobert,J. McDaniels,K. Towns
10,M. Conley,A. Edwards,R. Gobert,J. McDaniels,K. Towns
11,M. Conley,A. Edwards,R. Gobert,J. McDaniels,K. Towns
12,M. Conley,A. Edwards,R. Gobert,J. McDaniels,K. Towns
13,M. Conley,A. Edwards,R. Gobert,J. McDaniels,K. Towns
14,N. Alexander-Walker,M. Conley,A. Edwards,R. Gobert,K. Towns
15,N. Alexander-Walker,M. Conley,A. Edwards,R. Gobert,K. Towns
16,N. Alexander-Walker,M. Conley,A. Edwards,R. Gobert,K. Towns
17,N. Alexander-Walker,M. Conley,A. Edwards,R. Gobert,K. Towns
18,N. Alexander-Walker,T. Brown,M. Conley,R. Gobert,K. Towns
19,N. Alexander-Walker,T. Brown,M. Conley,R. Gobert,K. Towns
20,N. Alexander-Walker,M. Conley,A. Edwards,R. Gobert,K. Towns
21,N. Alexander-Walker,M. Conley,A. Edwards,R. Gobert,K. Towns
22,N. Alexander-Walker,T. Brown,M. Conley,R. Gobert,K. Towns
23,M. Conley,A. Edwards,R. Gobert,J. McDaniels,K. Towns
24,M. Conley,A. Edwards,R. Gobert,J. McDaniels,K. Towns
25,M. Conley,A. Edwards,R. Gobert,J. McDaniels,K. Towns
26,M. Conley,A. Edwards,R. Gobert,J. McDaniels,K. Towns
27,M. Conley,A. Edwards,R. Gobert,J. McDaniels,K. Towns
28,K. Anderson,M. Conley,A. Edwards,R. Gobert,J. McDaniels
29,M. Conley,A. Edwards,R. Gobert,J. McDaniels,K. Towns
30,M. Conley,A. Edwards,R. Gobert,J. McDaniels,K. Towns
31,M. Conley,A. Edwards,R. Gobert,J. McDaniels,K. Towns
32,M. Conley,A. Edwards,R. Gobert,J. McDaniels,K. Towns
33,M. Conley,A. Edwards,R. Gobert,J. McDaniels,K. Towns
34,M. Conley,A. Edwards,R. Gobert,J. McDaniels,K. Towns
35,M. Conley,A. Edwards,R. Gobert,J. McDaniels,K. Towns
36,M. Conley,A. Edwards,R. Gobert,J. McDaniels,K. Towns
37,N. Alexander-Walker,K. Anderson,A. Edwards,J. McDaniels,K. Towns
38,M. Conley,A. Edwards,R. Gobert,J. McDaniels,K. Towns
39,M. Conley,A. Edwards,R. Gobert,J. McDaniels,K. Towns
40,M. Conley,A. Edwards,R. Gobert,J. McDaniels,K. Towns
41,M. Conley,A. Edwards,R. Gobert,J. McDaniels,K. Towns
42,M. Conley,A. Edwards,R. Gobert,J. McDaniels,K. Towns
43,N. Alexander-Walker,A. Edwards,R. Gobert,J. McDaniels,K. Towns
44,N. Alexander-Walker,A. Edwards,R. Gobert,J. McDaniels,K. Towns
45,M. Conley,A. Edwards,R. Gobert,J. McDaniels,K. Towns
46,N. Alexander-Walker,A. Edwards,R. Gobert,J. McDaniels,K. Towns
47,N. Alexander-Walker,A. Edwards,R. Gobert,J. McDaniels,K. Towns
48,M. Conley,A. Edwards,R. Gobert,J. McDaniels,K. Towns
49,M. Conley,A. Edwards,R. Gobert,J. McDaniels,K. Towns
50,M. Conley,A. Edwards,R. Gobert,J. McDaniels,K. Towns
51,M. Conley,A. Edwards,R. Gobert,J. McDaniels,K. Towns
52,M. Conley,A. Edwards,R. Gobert,J. McDaniels,K. Towns
53,M. Conley,A. Edwards,R. Gobert,J. McDaniels,K. Towns
54,M. Conley,A. Edwards,R. Gobert,J. McDaniels,K. Towns
55,M. Conley,A. Edwards,R. Gobert,J. McDaniels,K. Towns
56,M. Conley,A. Edwards,R. Gobert,J. McDaniels,K. Towns
57,K. Anderson,M. Conley,A. Edwards,J. McDaniels,K. Towns
58,K. Anderson,M. Conley,A. Edwards,R. Gobert,J. McDaniels
59,M. Conley,A. Edwards,R. Gobert,J. McDaniels,K. Towns
60,M. Conley,A. Edwards,R. Gobert,J. McDaniels,K. Towns
61,M. Conley,A. Edwards,R. Gobert,J. McDaniels,K. Towns
62,N. Alexander-Walker,M. Conley,R. Gobert,J. McDaniels,K. Towns
63,K. Anderson,M. Conley,A. Edwards,R. Gobert,J. McDaniels
64,K. Anderson,M. Conley,A. Edwards,R. Gobert,J. McDaniels
65,N. Alexander-Walker,M. Conley,A. Edwards,J. McDaniels,N. Reid
66,K. Anderson,M. Conley,A. Edwards,R. Gobert,J. McDaniels
67,K. Anderson,M. Conley,A. Edwards,J. McDaniels,N. Reid
68,K. Anderson,M. Conley,A. Edwards,J. McDaniels,N. Reid
69,N. Alexander-Walker,K. Anderson,M. Conley,A. Edwards,J. McDaniels
70,M. Conley,A. Edwards,R. Gobert,J. McDaniels,N. Reid
71,M. Conley,A. Edwards,R. Gobert,J. McDaniels,N. Reid
72,M. Conley,A. Edwards,R. Gobert,J. McDaniels,N. Reid
73,M. Conley,A. Edwards,R. Gobert,J. McDaniels,N. Reid
74,M. Conley,A. Edwards,R. Gobert,J. McDaniels,N. Reid
75,M. Conley,A. Edwards,R. Gobert,J. McDaniels,N. Reid
76,N. Alexander-Walker,A. Edwards,R. Gobert,J. McDaniels,N. Reid
77,M. Conley,A. Edwards,R. Gobert,J. McDaniels,N. Reid
78,M. Conley,A. Edwards,R. Gobert,J. McDaniels,N. Reid
79,M. Conley,A. Edwards,R. Gobert,J. McDaniels,N. Reid
80,M. Conley,A. Edwards,R. Gobert,J. McDaniels,N. Reid
81,M. Conley,A. Edwards,R. Gobert,J. McDaniels,K. Towns
82,M. Conley,A. Edwards,R. Gobert,J. McDaniels,K. Towns
